id,name,type,Recognizability,movie_count
P-3,Harrison Ford,Actor,10,1
P-3636,Paul Newman,Actor,9,1
P-14386,Beyoncé,Actor,10,1
P-111946,Britney Spears,Actor,10,1
P-12208,Ozzy Osbourne,Actor,9,1
P-982,Sting,Actor,9,1
P-12640,David Duchovny,Actor,9,1
P-12214,Gillian Anderson,Actor,9,1
P-12835,Vin Diesel,Actor,9,1
P-13240,Mark Wahlberg,Actor,9,1
P-13309,Oprah Winfrey,Actor,10,1
P-110001,Phil Collins,Actor,9,1
P-3635,Elizabeth Taylor,Actor,10,1
P-15903,George Carlin,Actor,9,1
P-569,Ethan Hawke,Actor,9,1
P-500,Tom Cruise,Actor,10,1
P-501,Dakota Fanning,Actor,9,1
P-504,Tim Robbins,Actor,9,1
P-514,Jack Nicholson,Actor,10,1
P-515,Glenn Close,Actor,9,1
P-517,Pierce Brosnan,Actor,9,1
P-518,Danny DeVito,Actor,9,1
P-519,Martin Short,Actor,9,1
P-520,Sarah Jessica Parker,Actor,9,1
P-521,Michael J. Fox,Actor,9,1
P-524,Natalie Portman,Actor,10,1
P-23659,Will Ferrell,Actor,9,1
P-12111,Justin Timberlake,Actor,9,1
P-5823,Julie Andrews,Actor,10,1
P-12073,Mike Myers,Actor,9,1
P-287,Brad Pitt,Actor,10,1
P-290,Christopher Plummer,Actor,9,1
P-325,Eminem,Actor,10,1
P-326,Kim Basinger,Actor,9,1
P-73421,Joaquin Phoenix,Actor,9,1
P-368,Reese Witherspoon,Actor,9,1
P-448,Hilary Swank,Actor,9,1
P-819,Edward Norton,Actor,9,1
P-11288,Robert Pattinson,Actor,9,1
P-7447,Alec Baldwin,Actor,9,1
P-10297,Matthew McConaughey,Actor,9,1
P-4038,Susan Sarandon,Actor,9,1
P-10400,Barbra Streisand,Actor,10,1
P-1620,Michelle Yeoh,Actor,9,1
P-17276,Gerard Butler,Actor,9,1
P-3136,Salma Hayek Pinault,Actor,9,1
P-11510,Macaulay Culkin,Actor,9,1
P-17419,Bryan Cranston,Actor,9,1
P-11856,Daniel Day-Lewis,Actor,9,1
P-11669,Jimmy Fallon,Actor,9,1
P-11701,Angelina Jolie,Actor,10,1
P-11863,Sarah Michelle Gellar,Actor,9,1
P-12052,Gwyneth Paltrow,Actor,9,1
P-70851,Jack Black,Actor,9,1
P-72466,Colin Farrell,Actor,9,1
P-1430,Keith Richards,Actor,9,1
P-10017,Charlton Heston,Actor,9,1
P-49265,Lindsay Lohan,Actor,9,1
P-707,Dan Aykroyd,Actor,9,1
P-723,Patrick Swayze,Actor,9,1
P-738,Sean Connery,Actor,10,1
P-741,River Phoenix,Actor,9,1
P-776,Eddie Murphy,Actor,10,1
P-879,Billy Bob Thornton,Actor,9,1
P-880,Ben Affleck,Actor,10,1
P-882,Liv Tyler,Actor,9,1
P-884,Steve Buscemi,Actor,9,1
P-887,Owen Wilson,Actor,9,1
P-2632,Chris Rock,Actor,10,1
P-1336,Jet Li,Actor,9,1
P-1229,Jeff Bridges,Actor,9,1
P-61303,Dick Van Dyke,Actor,9,1
P-1937,Mickey Rooney,Actor,9,1
P-17838,Rami Malek,Actor,10,1
P-10158,Robert Mitchum,Actor,9,1
P-15152,James Earl Jones,Actor,10,1
P-4169,Dave Chappelle,Actor,10,1
P-18897,Jackie Chan,Actor,10,1
P-18918,Dwayne Johnson,Actor,10,1
P-19292,Adam Sandler,Actor,10,1
P-19537,Megan Fox,Actor,9,1
P-63,Milla Jovovich,Actor,9,1
P-17605,Idris Elba,Actor,10,1
P-17604,Jeremy Renner,Actor,9,1
P-16935,Geena Davis,Actor,9,1
P-15758,Queen Latifah,Actor,9,1
P-14991,Jay Leno,Actor,9,1
P-14409,David Schwimmer,Actor,9,1
P-14639,Mel Brooks,Actor,9,1
P-7487,David Bowie,Actor,10,1
P-15735,Helen Mirren,Actor,9,1
P-20006,Christopher Reeve,Actor,9,1
P-16483,Sylvester Stallone,Actor,10,1
P-80757,Mike Tyson,Actor,9,1
P-27972,Josh Hutcherson,Actor,9,1
P-16828,Chris Evans,Actor,10,1
P-41419,Hugh Laurie,Actor,9,1
P-17288,Michael Fassbender,Actor,9,1
P-16475,Burt Reynolds,Actor,9,1
P-25540,Sandra Oh,Actor,9,1
P-16619,Mr. T,Actor,9,1
P-16620,Hulk Hogan,Actor,9,1
P-16866,Jennifer Lopez,Actor,10,1
P-21657,Vera Farmiga,Actor,9,1
P-10860,Jessica Biel,Actor,9,1
P-18277,Sandra Bullock,Actor,10,1
P-16940,Jeremy Irons,Actor,9,1
P-3810,Javier Bardem,Actor,9,1
P-62,Bruce Willis,Actor,10,1
P-10978,Maggie Smith,Actor,9,1
P-10990,Emma Watson,Actor,10,1
P-7175,Aretha Franklin,Actor,10,1
P-25837,Elisha Cuthbert,Actor,9,1
P-9205,Denise Richards,Actor,9,1
P-11617,Mischa Barton,Actor,9,1
P-6968,Hugh Jackman,Actor,10,1
P-6972,Ian McShane,Actor,9,1
P-4391,Charles Dance,Actor,9,1
P-4517,Joe Pesci,Actor,10,1
P-4512,James Woods,Actor,9,1
P-7171,John Belushi,Actor,9,1
P-7172,James Brown,Actor,10,1
P-7174,Ray Charles,Actor,10,1
P-7180,John Candy,Actor,9,1
P-10989,Rupert Grint,Actor,9,1
P-4756,Matthew Broderick,Actor,9,1
P-1642789,Madelyn Cline,Actor,9,1
P-1700631,Liza Koshy,Actor,10,1
P-50266,Shemar Moore,Actor,9,1
P-1785590,David Corenswet,Actor,9,1
P-2034418,Jacob Elordi,Actor,9,1
P-2604515,Emma Myers,Actor,9,1
P-2282154,Jimmy Donaldson,Actor,10,1
P-65731,Sam Worthington,Actor,10,1
P-4238,Common,Actor,9,1
P-18997,Bryce Dallas Howard,Actor,9,1
P-31717,January Jones,Actor,9,1
P-10730,Rowan Atkinson,Actor,10,1
P-25663,Thomas Brodie-Sangster,Actor,9,1
P-7060,Martin Freeman,Actor,10,1
P-9281,Elizabeth Banks,Actor,10,1
P-6613,Minnie Driver,Actor,9,1
P-6941,Cameron Diaz,Actor,10,1
P-6949,John Malkovich,Actor,10,1
P-6952,Charlie Sheen,Actor,10,1
P-6944,Octavia Spencer,Actor,9,1
P-6730,Sacha Baron Cohen,Actor,10,1
P-6736,Pamela Anderson,Actor,10,1
P-6807,Sam Rockwell,Actor,9,1
P-6856,Kurt Russell,Actor,10,1
P-20497,Fergie,Actor,10,1
P-6885,Charlize Theron,Actor,10,1
P-6886,Christina Ricci,Actor,10,1
P-6905,Bruce Dern,Actor,9,1
P-4566,Alan Rickman,Actor,10,1
P-7056,Emma Thompson,Actor,10,1
P-7062,Andrew Lincoln,Actor,9,1
P-2326151,Paul Mescal,Actor,9,1
P-3455931,Truman Hanks,Actor,9,1
P-1298360,Laverne Cox,Actor,9,1
P-108558,Shania Twain,Actor,10,1
P-80415,Judith Light,Actor,9,1
P-1576058,Lilly Singh,Actor,9,1
P-53256,Terry Crews,Actor,9,1
P-7399,Ben Stiller,Actor,10,1
P-7404,Sarah Silverman,Actor,9,1
P-8447,Jeff Daniels,Actor,9,1
P-2888,Will Smith,Actor,10,1
P-9575,Jada Pinkett Smith,Actor,9,1
P-28782,Monica Bellucci,Actor,9,1
P-9656,Johnny Knoxville,Actor,9,1
P-82702,Michael Jackson,Actor,10,1
P-8784,Daniel Craig,Actor,10,1
P-9206,Neve Campbell,Actor,9,1
P-8851,Whitney Houston,Actor,10,1
P-8892,Olivia Newton-John,Actor,9,1
P-8891,John Travolta,Actor,10,1
P-8944,Jamie Lee Curtis,Actor,9,1
P-3131,Antonio Banderas,Actor,9,1
P-9137,Renée Zellweger,Actor,9,1
P-5344,Meg Ryan,Actor,9,1
P-9273,Amy Adams,Actor,9,1
P-9278,Jennifer Garner,Actor,9,1
P-9642,Jude Law,Actor,9,1
P-9778,Ice Cube,Actor,9,1
P-9780,Angela Bassett,Actor,9,1
P-55636,Donald Sutherland,Actor,9,1
P-11390,Peter O'Toole,Actor,9,1
P-1666,Julie Christie,Actor,9,1
P-10980,Daniel Radcliffe,Actor,10,1
P-8534,Kathy Bates,Actor,9,1
P-8293,Marion Cotillard,Actor,10,1
P-4135,Robert Redford,Actor,10,1
P-3061,Ewan McGregor,Actor,10,1
P-7517,Kate Bosworth,Actor,9,1
P-7499,Jared Leto,Actor,10,1
P-7570,Lauren Bacall,Actor,9,1
P-2219,Tobey Maguire,Actor,10,1
P-17051,James Franco,Actor,10,1
P-18999,J.K. Simmons,Actor,9,1
P-20580,Joe Manganiello,Actor,9,1
P-25933,Emily Deschanel,Actor,9,1
P-17052,Topher Grace,Actor,9,1
P-6384,Keanu Reeves,Actor,10,1
P-41686,Neil Patrick Harris,Actor,10,1
P-18269,Brendan Fraser,Actor,10,1
P-11702,Adam Brody,Actor,9,1
P-87485,Neil Armstrong,Actor,10,1
P-6355,Roy Scheider,Actor,9,1
P-8606,Robert Shaw,Actor,9,1
P-10722,Graham Chapman,Actor,9,1
P-8930,John Cleese,Actor,10,1
P-8167,Paul Walker,Actor,10,1
P-8170,Eva Mendes,Actor,10,1
P-8171,Ludacris,Actor,9,1
P-7904,Billy Crystal,Actor,10,1
P-5563,James Coburn,Actor,9,1
P-955,Penélope Cruz,Actor,10,1
P-5004,Omar Sharif,Actor,9,1
P-4,Carrie Fisher,Actor,9,1
P-62064,Chris Pine,Actor,9,1
P-1813,Anne Hathaway,Actor,10,1
P-1748,William Shatner,Actor,10,1
P-1749,Leonard Nimoy,Actor,10,1
P-3894,Christian Bale,Actor,10,1
P-3895,Michael Caine,Actor,10,1
P-64,Gary Oldman,Actor,10,1
P-52601,Sean Hayes,Actor,9,1
P-230176,Eve,Actor,9,1
P-71070,Amanda Seyfried,Actor,9,1
P-55085,Amber Heard,Actor,9,1
P-28657,Matthew Fox,Actor,9,1
P-72208,Alicia Keys,Actor,9,1
P-54697,Dave Franco,Actor,9,1
P-52866,Avril Lavigne,Actor,9,1
P-59919,Russell Brand,Actor,9,1
P-73931,Bette Midler,Actor,9,1
P-54415,Josh Gad,Actor,9,1
P-52783,Rachel Bilson,Actor,9,1
P-34408,Stana Katic,Actor,9,1
P-37934,André 3000,Actor,9,1
P-63522,Sofía Vergara,Actor,10,1
P-31903,Henry Winkler,Actor,10,1
P-70243,Eartha Kitt,Actor,9,1
P-54645,Nia Vardalos,Actor,9,1
P-1812,Michelle Williams,Actor,9,1
P-1810,Heath Ledger,Actor,9,1
P-1532,Bill Murray,Actor,10,1
P-1461,George Clooney,Actor,10,1
P-58225,Zach Galifianakis,Actor,10,1
P-13565,Steve McQueen,Actor,10,1
P-14406,Lisa Kudrow,Actor,10,1
P-47296,Jeffrey Dean Morgan,Actor,10,1
P-47297,James Marsters,Actor,9,1
P-49735,Aidan Gillen,Actor,9,1
P-1341,Donnie Yen,Actor,9,1
P-30614,Ryan Gosling,Actor,10,1
P-20186,Damian Lewis,Actor,9,1
P-134531,Anna Gunn,Actor,9,1
P-77897,Tyra Banks,Actor,9,1
P-78729,Nathan Lane,Actor,9,1
P-52052,Jessica Simpson,Actor,9,1
P-8261,Willie Nelson,Actor,10,1
P-44935,Lynda Carter,Actor,9,1
P-78080,Krysten Ritter,Actor,9,1
P-51329,Bradley Cooper,Actor,10,1
P-44735,Jesse Eisenberg,Actor,9,1
P-51962,Bill Cosby,Actor,10,1
P-53122,Fran Drescher,Actor,9,1
P-38673,Channing Tatum,Actor,10,1
P-57172,Ashanti,Actor,9,1
P-27578,Elliot Page,Actor,9,1
P-125025,Joey King,Actor,9,1
P-52848,Isla Fisher,Actor,9,1
P-54693,Emma Stone,Actor,10,1
P-54830,Sophia Bush,Actor,9,1
P-2047,Danny Glover,Actor,9,1
P-58224,Jason Sudeikis,Actor,9,1
P-56734,Chloë Grace Moretz,Actor,9,1
P-12219,Jon Stewart,Actor,10,1
P-51856,Jenna Fischer,Actor,9,1
P-52605,Eva Longoria,Actor,9,1
P-53714,Rachel McAdams,Actor,9,1
P-56903,Tracy Morgan,Actor,9,1
P-57108,Usher,Actor,10,1
P-14104,Phil Hartman,Actor,9,1
P-69128,Nelly,Actor,9,1
P-110927,Penn Badgley,Actor,9,1
P-55089,Evan Peters,Actor,9,1
P-16927,Gérard Depardieu,Actor,10,1
P-57298,Anne Parillaud,Actor,9,1
P-22675,Damon Wayans,Actor,9,1
P-28238,David Hasselhoff,Actor,9,1
P-1459,Tina Turner,Actor,10,1
P-18892,Goldie Hawn,Actor,10,1
P-33663,Donald Trump,Actor,10,1
P-14730,Angela Lansbury,Actor,9,1
P-19429,Bruce Lee,Actor,10,1
P-51576,Chuck Norris,Actor,9,1
P-9309,Richard Pryor,Actor,9,1
P-84497,Aaron Paul,Actor,9,1
P-1896,Don Cheadle,Actor,9,1
P-1922,Catherine Zeta-Jones,Actor,10,1
P-1920,Winona Ryder,Actor,10,1
P-53283,Jonathan Taylor Thomas,Actor,9,1
P-53828,Jennifer Carpenter,Actor,9,1
P-239271,Jeremy Strong,Actor,9,1
P-47775,Marc Anthony,Actor,9,1
P-11825,Maggie Grace,Actor,9,1
P-21462,Raquel Welch,Actor,9,1
P-336,Xzibit,Actor,9,1
P-50398,Devon Sawa,Actor,9,1
P-23880,Steven Seagal,Actor,9,1
P-35824,Alice Cooper,Actor,9,1
P-56159,Dana Carvey,Actor,9,1
P-58198,Chris Farley,Actor,9,1
P-18977,Ed O'Neill,Actor,9,1
P-37935,Steven Tyler,Actor,9,1
P-59410,Bob Odenkirk,Actor,9,1
P-73457,Chris Pratt,Actor,9,1
P-78303,Jimmy Kimmel,Actor,9,1
P-84214,Taylor Lautner,Actor,9,1
P-84223,Anna Kendrick,Actor,9,1
P-83002,Jessica Chastain,Actor,9,1
P-1216701,"Meghan, Duchess of Sussex",Actor,10,1
P-2037,Cillian Murphy,Actor,9,1
P-1892,Matt Damon,Actor,10,1
P-46593,Emile Hirsch,Actor,9,1
P-31535,Melissa McBride,Actor,9,1
P-45863,Doris Roberts,Actor,9,1
P-29222,Zac Efron,Actor,10,1
P-14528,Yul Brynner,Actor,9,1
P-21278,Alan Alda,Actor,9,1
P-77070,Gwen Stefani,Actor,9,1
P-67773,Steve Martin,Actor,10,1
P-23959,Debra Messing,Actor,9,1
P-27726,Don Knotts,Actor,9,1
P-7685,Raymond Burr,Actor,9,1
P-21007,Jonah Hill,Actor,9,1
P-27105,Ed Helms,Actor,9,1
P-53863,Simon Helberg,Actor,9,1
P-4090,Shirley MacLaine,Actor,9,1
P-3460,Gene Wilder,Actor,9,1
P-54812,Chevy Chase,Actor,10,1
P-14405,Courteney Cox,Actor,10,1
P-29369,Melanie Griffith,Actor,9,1
P-32798,Elisabeth Moss,Actor,9,1
P-33259,Jennifer Love Hewitt,Actor,9,1
P-33260,Freddie Prinze Jr.,Actor,9,1
P-37153,Zoë Kravitz,Actor,9,1
P-3141,Marisa Tomei,Actor,9,1
P-34490,Sarah Paulson,Actor,9,1
P-34847,Emma Roberts,Actor,9,1
P-4111,Ingrid Bergman,Actor,10,1
P-7301,Anthony Perkins,Actor,9,1
P-13784,Burt Lancaster,Actor,9,1
P-23532,Jason Bateman,Actor,9,1
P-73968,Henry Cavill,Actor,10,1
P-22970,Peter Dinklage,Actor,10,1
P-18976,Ashton Kutcher,Actor,9,1
P-15111,Jean-Claude Van Damme,Actor,9,1
P-2041,Dr. Dre,Actor,9,1
P-19767,Snoop Dogg,Actor,9,1
P-38225,Cher,Actor,10,1
P-14408,Matthew Perry,Actor,9,1
P-10859,Ryan Reynolds,Actor,10,1
P-934,Russell Crowe,Actor,10,1
P-976,Jason Statham,Actor,10,1
P-380,Robert De Niro,Actor,10,1
P-1038,Jodie Foster,Actor,10,1
P-1062,Christopher Lloyd,Actor,9,1
P-1100,Arnold Schwarzenegger,Actor,10,1
P-1121,Benicio del Toro,Actor,9,1
P-1158,Al Pacino,Actor,10,1
P-1160,Michelle Pfeiffer,Actor,10,1
P-21593,Jason Biggs,Actor,9,1
P-21595,Alyson Hannigan,Actor,9,1
P-26510,Eugene Levy,Actor,10,1
P-36190,Edie Falco,Actor,9,1
P-14407,Matt LeBlanc,Actor,10,1
P-13548,James Spader,Actor,9,1
P-38026,Chris Noth,Actor,9,1
P-15234,David Arquette,Actor,9,1
P-26457,Matthew Lillard,Actor,9,1
P-55536,Melissa McCarthy,Actor,10,1
P-38025,Kristin Davis,Actor,9,1
P-3075,Rory McCann,Actor,9,1
P-38940,Evan Rachel Wood,Actor,9,1
P-39390,Michael Kenneth Williams,Actor,9,1
P-16897,Sidney Poitier,Actor,10,1
P-39995,Michael Cera,Actor,9,1
P-40036,Taraji P. Henson,Actor,9,1
P-932967,Mahershala Ali,Actor,10,1
P-4886,Norman Reedus,Actor,9,1
P-25541,Katherine Heigl,Actor,9,1
P-41088,Jason Segel,Actor,9,1
P-41091,Kristen Wiig,Actor,9,1
P-83586,Ken Jeong,Actor,9,1
P-3359,Laurence Olivier,Actor,10,1
P-15886,Julia Louis-Dreyfus,Actor,10,1
P-1639,Emily Watson,Actor,9,1
P-43775,Jane Lynch,Actor,9,1
P-27811,Peter Weller,Actor,9,1
P-16896,James Garner,Actor,9,1
P-65717,Jon Hamm,Actor,10,1
P-16377,Jerry Seinfeld,Actor,10,1
P-52119,Megan Mullally,Actor,9,1
P-50807,Michael Richards,Actor,9,1
P-15110,Brooke Shields,Actor,9,1
P-39187,Olivia Colman,Actor,9,1
P-37917,Kristen Stewart,Actor,10,1
P-9562,Marlon Wayans,Actor,9,1
P-19394,Idina Menzel,Actor,10,1
P-55638,Kevin Hart,Actor,10,1
P-35806,Shaquille O'Neal,Actor,10,1
P-67600,Ashley Tisdale,Actor,9,1
P-1205,Richard Gere,Actor,10,1
P-1204,Julia Roberts,Actor,10,1
P-1230,John Goodman,Actor,10,1
P-1231,Julianne Moore,Actor,10,1
P-1233,Philip Seymour Hoffman,Actor,9,1
P-1245,Scarlett Johansson,Actor,10,1
P-1269,Kevin Costner,Actor,10,1
P-1283,Helena Bonham Carter,Actor,10,1
P-113,Christopher Lee,Actor,9,1
P-1327,Ian McKellen,Actor,10,1
P-48,Sean Bean,Actor,9,1
P-112,Cate Blanchett,Actor,10,1
P-1333,Andy Serkis,Actor,9,1
P-36424,LL Cool J,Actor,9,1
P-158208,Alex Trebek,Actor,9,1
P-36592,Saoirse Ronan,Actor,9,1
P-71580,Benedict Cumberbatch,Actor,10,1
P-10882,Rosamund Pike,Actor,9,1
P-6352,Jane Fonda,Actor,10,1
P-36811,Nick Cannon,Actor,9,1
P-6485,Busta Rhymes,Actor,9,1
P-27011,Vanessa Williams,Actor,9,1
P-1549008,The Weeknd,Actor,10,1
P-86626,Aziz Ansari,Actor,9,1
P-55466,James Corden,Actor,10,1
P-19119,Mélanie Laurent,Actor,9,1
P-27319,Christoph Waltz,Actor,10,1
P-121529,Léa Seydoux,Actor,9,1
P-82191,Sharlto Copley,Actor,9,1
P-78887,Billy Ray Cyrus,Actor,9,1
P-212208,Taylor Swift,Actor,10,1
P-33684,Bono,Actor,10,1
P-208099,Kunal Nayyar,Actor,9,1
P-125167,Mindy Kaling,Actor,9,1
P-119592,Aubrey Plaza,Actor,10,1
P-86654,Austin Butler,Actor,10,1
P-3896,Liam Neeson,Actor,10,1
P-112561,Lily Collins,Actor,9,1
P-31136,Chris Brown,Actor,10,1
P-76126,T.I.,Actor,9,1
P-120932,Claire Foy,Actor,9,1
P-52849,Louis C.K.,Actor,9,1
P-108916,Rooney Mara,Actor,9,1
P-3416,Demi Moore,Actor,10,1
P-2395,Whoopi Goldberg,Actor,10,1
P-10222,Roger Moore,Actor,10,1
P-10223,Jane Seymour,Actor,9,1
P-3489,Naomi Watts,Actor,10,1
P-80591,Rashida Jones,Actor,9,1
P-298410,Keegan-Michael Key,Actor,9,1
P-87773,Aishwarya Rai Bachchan,Actor,10,1
P-47987,Geri Halliwell-Horner,Actor,9,1
P-3037,Richard Dreyfuss,Actor,10,1
P-3036,John Cusack,Actor,10,1
P-3085,James Caan,Actor,9,1
P-3092,Diane Keaton,Actor,10,1
P-57755,Woody Harrelson,Actor,10,1
P-3223,Robert Downey Jr.,Actor,10,1
P-2176,Tommy Lee Jones,Actor,10,1
P-3265,Eli Wallach,Actor,9,1
P-3291,Hugh Grant,Actor,10,1
P-3292,Nicholas Hoult,Actor,9,1
P-3051,Toni Collette,Actor,9,1
P-3293,Rachel Weisz,Actor,10,1
P-3392,Michael Douglas,Actor,10,1
P-3391,Kathleen Turner,Actor,9,1
P-82104,Danai Gurira,Actor,9,1
P-76594,Miley Cyrus,Actor,10,1
P-62644,50 Cent,Actor,9,1
P-17306,Zachary Quinto,Actor,9,1
P-80602,Tyler Perry,Actor,9,1
P-25129,Don Johnson,Actor,9,1
P-90633,Gal Gadot,Actor,10,1
P-212225,Kim Kardashian,Actor,10,1
P-49624,Jensen Ackles,Actor,9,1
P-3490,Adrien Brody,Actor,10,1
P-3897,Katie Holmes,Actor,10,1
P-1152083,Sabrina Carpenter,Actor,9,1
P-291263,Jordan Peele,Actor,10,1
P-67849,Mary-Kate Olsen,Actor,10,1
P-112574,Patrick Duffy,Actor,9,1
P-91609,Joe Rogan,Actor,10,1
P-6714,Mädchen Amick,Actor,9,1
P-236048,Rosie Huntington-Whiteley,Actor,9,1
P-60950,David Spade,Actor,10,1
P-110014,Christina Hendricks,Actor,9,1
P-466505,Kumail Nanjiani,Actor,10,1
P-1688196,Nicky Jam,Actor,9,1
P-224235,DJ Khaled,Actor,10,1
P-72129,Jennifer Lawrence,Actor,10,1
P-88124,Jesse Plemons,Actor,10,1
P-3899,Ken Watanabe,Actor,9,1
P-17380,Jay Chou,Actor,10,1
P-151246,Nicole Scherzinger,Actor,9,1
P-108661,Chester Bennington,Actor,10,1
P-88029,Alison Brie,Actor,10,1
P-205307,Lucy Hale,Actor,9,1
P-111455,Katy Perry,Actor,10,1
P-1218645,Tim Gunn,Actor,9,1
P-143240,Julianne Hough,Actor,9,1
P-1240487,Kate McKinnon,Actor,10,1
P-96091,Carrie Underwood,Actor,10,1
P-130640,Hailee Steinfeld,Actor,10,1
P-1253360,Pedro Pascal,Actor,10,1
P-118545,Dakota Johnson,Actor,10,1
P-53807,Armie Hammer,Actor,10,1
P-66776,Liza Minnelli,Actor,10,1
P-4173,Anthony Hopkins,Actor,10,1
P-77069,Lenny Kravitz,Actor,10,1
P-77120,Steve Austin,Actor,9,1
P-87822,Damon Wayans Jr.,Actor,9,1
P-147445,Derek Jeter,Actor,10,1
P-19961,Nina Dobrev,Actor,10,1
P-69230,Lars Ulrich,Actor,9,1
P-19185,Mario López,Actor,9,1
P-77271,Pink,Actor,10,1
P-53397,Christina Aguilera,Actor,10,1
P-475512,Ellie Kemper,Actor,9,1
P-543505,Jake Johnson,Actor,9,1
P-41217,Tom Bosley,Actor,9,1
P-85825,Leighton Meester,Actor,9,1
P-109708,Bill Burr,Actor,9,1
P-207606,Alessandra Ambrosio,Actor,9,1
P-12949,Priscilla Presley,Actor,9,1
P-12951,O. J. Simpson,Actor,10,1
P-115654,Anna Nicole Smith,Actor,9,1
P-115788,Paul Levesque,Actor,9,1
P-12689,Ralph Richardson,Actor,9,1
P-71041,'Weird Al' Yankovic,Actor,10,1
P-117642,Jason Momoa,Actor,10,1
P-2628,Kiefer Sutherland,Actor,10,1
P-19492,Viola Davis,Actor,10,1
P-2983,Mark Strong,Actor,9,1
P-67274,Dolly Parton,Actor,9,1
P-59175,Blake Lively,Actor,9,1
P-71727,Betty White,Actor,9,1
P-40462,Kristen Bell,Actor,10,1
P-18973,Mila Kunis,Actor,10,1
P-16855,Mandy Moore,Actor,9,1
P-21411,Ice-T,Actor,9,1
P-283444,Tony Robbins,Actor,9,1
P-60017,Faith Hill,Actor,10,1
P-4800,Gena Rowlands,Actor,9,1
P-60642,Tom Petty,Actor,10,1
P-19148,Brian Austin Green,Actor,9,1
P-38406,Paris Hilton,Actor,9,1
P-31309,Hugh Hefner,Actor,10,1
P-49623,Jared Padalecki,Actor,9,1
P-62861,Andy Samberg,Actor,9,1
P-60073,Brie Larson,Actor,9,1
P-74568,Chris Hemsworth,Actor,10,1
P-91606,Tom Hiddleston,Actor,9,1
P-2299,Josh Hartnett,Actor,9,1
P-2282,Ben Kingsley,Actor,10,1
P-2283,Stanley Tucci,Actor,9,1
P-56731,Jessica Alba,Actor,10,1
P-2296,Clive Owen,Actor,9,1
P-2295,Mickey Rourke,Actor,9,1
P-10814,Wesley Snipes,Actor,9,1
P-81200,Conan O'Brien,Actor,10,1
P-58769,Stephen Colbert,Actor,10,1
P-5958,Hilary Duff,Actor,10,1
P-12248,Alec Guinness,Actor,9,1
P-14,Ellen DeGeneres,Actor,10,1
P-5293,Willem Dafoe,Actor,9,1
P-31,Tom Hanks,Actor,10,1
P-1979,Kevin Spacey,Actor,9,1
P-85,Johnny Depp,Actor,10,1
P-114,Orlando Bloom,Actor,9,1
P-116,Keira Knightley,Actor,9,1
P-8691,Zoe Saldaña,Actor,9,1
P-139,Uma Thurman,Actor,9,1
P-140,Lucy Liu,Actor,9,1
P-131,Jake Gyllenhaal,Actor,9,1
P-134,Jamie Foxx,Actor,9,1
P-2109,Kim Cattrall,Actor,9,1
P-2224,Christian Slater,Actor,9,1
P-2157,Robin Williams,Actor,10,1
P-2227,Nicole Kidman,Actor,10,1
P-2228,Sean Penn,Actor,10,1
P-2201,Max von Sydow,Actor,9,1
P-2231,Samuel L. Jackson,Actor,10,1
P-2232,Michael Keaton,Actor,10,1
P-66,Chris Tucker,Actor,9,1
P-53820,Michael C. Hall,Actor,9,1
P-16851,Josh Brolin,Actor,9,1
P-24045,Joseph Gordon-Levitt,Actor,9,1
P-10912,Eva Green,Actor,9,1
P-5049,John Hurt,Actor,10,1
P-2713,Linda Hamilton,Actor,10,1
P-2838,Chloë Sevigny,Actor,9,1
P-2882,Diane Lane,Actor,9,1
P-2954,Jeffrey Wright,Actor,9,1
P-942808,Christie Brinkley,Actor,9,1
P-862,George C. Scott,Actor,9,1
P-52139,Seth MacFarlane,Actor,10,1
P-3125,Madonna,Actor,10,1
P-71189,Cobie Smulders,Actor,9,1
P-14501,Peter Ustinov,Actor,9,1
P-75355,Marion Ross,Actor,9,1
P-54421,Janet Jackson,Actor,10,1
P-25072,Oscar Isaac,Actor,9,1
P-19034,Evangeline Lilly,Actor,9,1
P-14837,Carol Burnett,Actor,10,1
P-1235236,Charles Osgood,Actor,9,1
P-63231,Niecy Nash-Betts,Actor,9,1
P-77948,Selena Gomez,Actor,10,1
P-76792,Freida Pinto,Actor,9,1
P-72118,Anil Kapoor,Actor,9,1
P-10982,Harry Melling,Actor,9,1
P-93210,Domhnall Gleeson,Actor,9,1
P-165867,Kid Rock,Actor,9,1
P-388,Jim Broadbent,Actor,9,1
P-10959,Shia LaBeouf,Actor,10,1
P-11477,Ray Liotta,Actor,9,1
P-67599,Vanessa Hudgens,Actor,9,1
P-237405,Lady Gaga,Actor,10,1
P-2387,Patrick Stewart,Actor,10,1
P-2461,Mel Gibson,Actor,10,1
P-2524,Tom Hardy,Actor,10,1
P-2372,Ron Perlman,Actor,9,1
P-158079,Richard Branson,Actor,9,1
P-119454,Mars,Actor,10,1
P-32747,Stephen Lang,Actor,9,1
P-12446,Peter Sellers,Actor,9,1
P-64930,Bob Newhart,Actor,9,1
P-11357,Bruce Campbell,Actor,9,1
P-166772,Joy Behar,Actor,9,1
P-11370,Elton John,Actor,10,1
P-80117,Billy Idol,Actor,9,1
P-166658,Katie Couric,Actor,9,1
P-56323,Tina Fey,Actor,10,1
P-66586,Mariah Carey,Actor,10,1
P-140567,Donny Osmond,Actor,9,1
P-109513,Alexandra Daddario,Actor,9,1
P-8252,William Holden,Actor,9,1
P-24967,Alyssa Milano,Actor,9,1
P-60957,Reggie Jackson,Actor,9,1
P-33163,Claudia Schiffer,Actor,9,1
P-131519,Rihanna,Actor,10,1
P-131520,Brooklyn Decker,Actor,9,1
P-31133,Ne-Yo,Actor,10,1
P-505710,Zendaya,Actor,10,1
P-5292,Denzel Washington,Actor,10,1
P-5294,Chiwetel Ejiofor,Actor,9,1
P-1137,Juliette Binoche,Actor,10,1
P-5309,Judi Dench,Actor,10,1
P-21089,Bruce Greenwood,Actor,9,1
P-5367,Zach Braff,Actor,9,1
P-5374,Jim Parsons,Actor,10,1
P-1223793,Rose Leslie,Actor,9,1
P-224513,Ana de Armas,Actor,9,1
P-113461,John Legend,Actor,10,1
P-1373737,Florence Pugh,Actor,9,1
P-1821863,Post Malone,Actor,10,1
P-5139,Robert Englund,Actor,9,1
P-1625558,Awkwafina,Actor,9,1
P-226001,Ariana Grande,Actor,10,1
P-1974046,Rudy Pankow,Actor,9,1
P-1222992,Eiza González,Actor,9,1
P-209326,Sam Heughan,Actor,9,1
P-5469,Ralph Fiennes,Actor,10,1
P-5470,Kristin Scott Thomas,Actor,9,1
P-5472,Colin Firth,Actor,10,1
P-5530,James McAvoy,Actor,10,1
P-4757,Rupert Everett,Actor,9,1
P-69597,Drew Barrymore,Actor,10,1
P-4483,Dustin Hoffman,Actor,10,1
P-2963,Nicolas Cage,Actor,10,1
P-1427948,Pete Davidson,Actor,9,1
P-107379,LeBron James,Actor,10,1
P-1388593,Jodie Comer,Actor,9,1
P-1186505,Emily Ratajkowski,Actor,9,1
P-968660,Nicki Minaj,Actor,10,1
P-1136517,Sia,Actor,10,1
P-1217309,Anderson Cooper,Actor,9,1
P-217371,Adam Levine,Actor,10,1
P-1397778,Anya Taylor-Joy,Actor,9,1
P-59538,David Beckham,Actor,10,1
P-62220,Lauren Cohan,Actor,9,1
P-1089873,Rita Ora,Actor,9,1
P-86468,Sarah Wayne Callies,Actor,9,1
P-98285,Bella Thorne,Actor,9,1
P-1393177,Noah Schnapp,Actor,9,1
P-129104,Melissa Benoist,Actor,9,1
P-53240,Riz Ahmed,Actor,9,1
P-119589,Donald Glover,Actor,10,1
P-1001657,Sophie Turner,Actor,9,1
P-85930,John Mayer,Actor,10,1
P-160042,Bob Costas,Actor,9,1
P-1223082,Michael Strahan,Actor,9,1
P-56446,John Cena,Actor,10,1
P-446511,Shakira,Actor,10,1
P-440414,Amy Schumer,Actor,9,1
P-15277,Jon Favreau,Actor,9,1
P-5588,Alicia Silverstone,Actor,9,1
P-5657,Anjelica Huston,Actor,9,1
P-205,Kirsten Dunst,Actor,9,1
P-109,Elijah Wood,Actor,9,1
P-110,Viggo Mortensen,Actor,9,1
P-228,Ed Harris,Actor,9,1
P-227,William Hurt,Actor,9,1
P-6065,Dennis Quaid,Actor,10,1
P-6240,Mariska Hargitay,Actor,10,1
P-6413,Danny Huston,Actor,9,1
P-6161,Jennifer Connelly,Actor,10,1
P-6162,Paul Bettany,Actor,10,1
P-6193,Leonardo DiCaprio,Actor,10,1
P-22226,Paul Rudd,Actor,10,1
P-3926,Albert Finney,Actor,9,1
P-4273,Charlotte Gainsbourg,Actor,9,1
P-1459885,Lily-Rose Depp,Actor,9,1
P-1997030,Halsey,Actor,9,1
P-155488,Kelly Clarkson,Actor,10,1
P-1931804,J Balvin,Actor,9,1
P-1555229,Diplo,Actor,9,1
P-192944,Tom Ellis,Actor,9,1
P-1136940,Lili Reinhart,Actor,9,1
P-56367,Naomi Campbell,Actor,10,1
P-8395,Luke Perry,Actor,9,1
P-115440,Sydney Sweeney,Actor,10,1
P-103,Mark Ruffalo,Actor,9,1
P-204,Kate Winslet,Actor,10,1
P-5658,Michael Gambon,Actor,9,1
P-206,Jim Carrey,Actor,10,1
P-15757,Ray Romano,Actor,9,1
P-5723,John Leguizamo,Actor,9,1
P-1493224,Ruth Bader Ginsburg,Actor,10,1
P-9315,Marilyn Manson,Actor,9,1
P-1442069,Finn Wolfhard,Actor,9,1
P-1959397,Dua Lipa,Actor,10,1
P-1372369,Samara Weaving,Actor,9,1
P-1700685,Lewis Pullman,Actor,10,1
P-1356210,Millie Bobby Brown,Actor,10,1
P-1052109,Harry Styles,Actor,10,1
P-165899,Simon Cowell,Actor,10,1
P-1562344,Cardi B,Actor,10,1
P-1467219,Joe Keery,Actor,9,1
P-85757,Joe Jonas,Actor,10,1
P-1238247,Chrissy Teigen,Actor,10,1
P-8349,Martin Sheen,Actor,9,1
P-3084,Marlon Brando,Actor,10,1
P-2975,Laurence Fishburne,Actor,9,1
P-3087,Robert Duvall,Actor,9,1
P-2778,Dennis Hopper,Actor,9,1
P-190,Clint Eastwood,Actor,10,1
P-193,Gene Hackman,Actor,10,1
P-192,Morgan Freeman,Actor,10,1
P-969218,Bruno Mars,Actor,10,1
P-10583,Gisele Bündchen,Actor,10,1
P-1246972,Ruby Rose,Actor,9,1
P-151657,Regis Philbin,Actor,10,1
P-974317,Kate Upton,Actor,9,1
P-239019,Kit Harington,Actor,10,1
P-128206,Lea Michele,Actor,9,1
P-62856,Seth Meyers,Actor,9,1
P-35780,Amitabh Bachchan,Actor,9,1
P-94185,Shailene Woodley,Actor,9,1
P-974169,Jenna Ortega,Actor,10,1
P-1023139,Adam Driver,Actor,9,1
P-227454,Alicia Vikander,Actor,9,1
P-1023483,Phoebe Waller-Bridge,Actor,9,1
P-1179651,Lin-Manuel Miranda,Actor,10,1
P-20472,Norah Jones,Actor,10,1
P-211568,Simon Baker,Actor,9,1
P-550843,Elizabeth Olsen,Actor,10,1
P-1267329,Lupita Nyong'o,Actor,10,1
P-98522,Riley Keough,Actor,9,1
P-135651,Michael B. Jordan,Actor,10,1
P-556356,Vanessa Kirby,Actor,9,1
P-6913,Ellen Barkin,Actor,9,1
P-4430,Sharon Stone,Actor,10,1
P-4431,Jessica Lange,Actor,10,1
P-3063,Tilda Swinton,Actor,10,1
P-4491,Jennifer Aniston,Actor,10,1
P-4495,Steve Carell,Actor,10,1
P-87722,Noomi Rapace,Actor,9,1
P-136532,Matt Smith,Actor,9,1
P-206919,Daniel Kaluuya,Actor,9,1
P-197315,Drake,Actor,10,1
P-53975,Deepika Padukone,Actor,10,1
P-57207,Tony Jaa,Actor,9,1
P-216294,Lewis Hamilton,Actor,10,1
P-63312,Yvonne Strahovski,Actor,9,1
P-3910,Frances McDormand,Actor,10,1
P-3905,William H. Macy,Actor,9,1
P-3967,Kate Beckinsale,Actor,10,1
P-3968,Michael Sheen,Actor,9,1
P-3972,Wentworth Miller,Actor,9,1
P-6574,Clancy Brown,Actor,9,1
P-38024,Cynthia Nixon,Actor,9,1
P-1619,Chow Yun-Fat,Actor,10,1
P-6194,Claire Danes,Actor,10,1
P-53862,Kaley Cuoco,Actor,10,1
P-151254,Chelsea Handler,Actor,9,1
P-117470,Josh Groban,Actor,9,1
P-95101,Charlie Day,Actor,9,1
P-66431,Jodie Whittaker,Actor,9,1
P-587020,Theo James,Actor,9,1
P-3203609,Elmo,Actor,10,1
P-142636,Josh Holloway,Actor,9,1
P-1016168,Lily James,Actor,9,1
P-996701,Miles Teller,Actor,9,1
P-138986,Tony Bennett,Actor,9,1
P-4587,Halle Berry,Actor,10,1
P-4589,Benjamin Bratt,Actor,9,1
P-543261,Karen Gillan,Actor,10,1
P-64439,Fan Bingbing,Actor,9,1
P-484359,Kid Cudi,Actor,9,1
P-97576,Gemma Chan,Actor,9,1
P-85138,Demi Lovato,Actor,10,1
P-1452128,Meghan Trainor,Actor,9,1
P-997887,Ronda Rousey,Actor,9,1
P-1315036,Daisy Ridley,Actor,10,1
P-236695,John Boyega,Actor,10,1
P-512991,Richard Madden,Actor,9,1
P-77234,Priyanka Chopra Jonas,Actor,10,1
P-1190668,Timothée Chalamet,Actor,10,1
P-10215,Paul McCartney,Actor,10,1
P-60900,Taylor Kitsch,Actor,9,1
P-4783,Sam Neill,Actor,9,1
P-4784,Laura Dern,Actor,10,1
P-4785,Jeff Goldblum,Actor,10,1
P-4786,Richard Attenborough,Actor,9,1
P-4937,Vince Vaughn,Actor,10,1
P-4939,Téa Leoni,Actor,9,1
P-4764,John C. Reilly,Actor,9,1
P-10205,Sigourney Weaver,Actor,10,1
P-5064,Meryl Streep,Actor,10,1
P-5081,Emily Blunt,Actor,10,1
P-78030,Ashley Benson,Actor,9,1
P-527393,Dylan O'Brien,Actor,10,1
P-4687,Patricia Arquette,Actor,9,1
P-1009740,Pitbull,Actor,10,1
P-5576,Val Kilmer,Actor,9,1
P-4690,Christopher Walken,Actor,10,1
P-4691,James Gandolfini,Actor,9,1
P-4724,Kevin Bacon,Actor,10,1
P-4730,Emmy Rossum,Actor,9,1
P-25654,Julianna Margulies,Actor,9,1
P-104997,Marlo Thomas,Actor,9,1
P-1136406,Tom Holland,Actor,10,1
P-84933,Mary J. Blige,Actor,9,1
P-4818,Roberto Benigni,Actor,9,1
P-1278487,Hannah Waddingham,Actor,9,1
P-1223786,Emilia Clarke,Actor,10,1
P-543530,Dave Bautista,Actor,9,1
P-998387,Ed Sheeran,Actor,10,1
P-1289968,Cara Delevingne,Actor,9,1
P-137905,Bill Skarsgård,Actor,9,1
P-17882,Isabelle Huppert,Actor,9,1
P-72855,Felicity Jones,Actor,9,1
P-234352,Margot Robbie,Actor,10,1
P-172069,Chadwick Boseman,Actor,10,1
P-221611,Jonathan Groff,Actor,9,1
P-212604,Adam Devine,Actor,9,1
P-1107296,Ben Platt,Actor,9,1
P-5401,Anthony Quinn,Actor,9,1
